{
   "elements" : {
      "edges" : [
         {
            "data" : {
               "Frequency" : 0.5714285714285714,
               "Step" : "1",
               "id" : "0",
               "source" : "00A",
               "target" : "01A"
            }
         },
         {
            "data" : {
               "Frequency" : 0.2142857142857143,
               "Step" : "2",
               "id" : "1",
               "source" : "01A",
               "target" : "02A"
            }
         },
         {
            "data" : {
               "Frequency" : 0.5714285714285714,
               "Step" : "2",
               "id" : "2",
               "source" : "01A",
               "target" : "11A"
            }
         },
         {
            "data" : {
               "Frequency" : 0.2142857142857143,
               "Step" : "3",
               "id" : "3",
               "source" : "02A",
               "target" : "12A"
            }
         },
         {
            "data" : {
               "Frequency" : 0.5714285714285714,
               "Step" : "3",
               "id" : "4",
               "source" : "11A",
               "target" : "12A"
            }
         }
      ],
      "nodes" : [
         {
            "data" : {
               "Name" : "00",
               "id" : "00A"
            }
         },
         {
            "data" : {
               "Name" : "01",
               "id" : "01A"
            }
         },
         {
            "data" : {
               "Name" : "02",
               "id" : "02A"
            }
         },
         {
            "data" : {
               "Name" : "11",
               "id" : "11A"
            }
         },
         {
            "data" : {
               "Name" : "12",
               "id" : "12A"
            }
         }
      ]
   },
   "setup" : {
      "date" : "Tue Dec  1 11:22:20 2015",
      "properties" : "SERIES,",
      "s_name" : "A_act_by_B",
      "select" : "K_A_0 = 0 AND K_A_1 = 1",
      "size" : 14
   }
}

