{
   "elements" : {
      "edges" : [
         {
            "data" : {
               "Frequency" : 0.3571428571428572,
               "Step" : "1",
               "id" : "0",
               "source" : "10A",
               "target" : "11A"
            }
         },
         {
            "data" : {
               "Frequency" : 0.3571428571428572,
               "Step" : "2",
               "id" : "1",
               "source" : "11A",
               "target" : "12A"
            }
         }
      ],
      "nodes" : [
         {
            "data" : {
               "Name" : "10",
               "id" : "10A"
            }
         },
         {
            "data" : {
               "Name" : "11",
               "id" : "11A"
            }
         },
         {
            "data" : {
               "Name" : "12",
               "id" : "12A"
            }
         }
      ]
   },
   "setup" : {
      "date" : "Tue Dec  1 11:22:50 2015",
      "properties" : "SERIES_A_act,",
      "s_name" : "all",
      "select" : "1",
      "size" : 56
   }
}

