{
   "setup" : {
      "date" : "Wed Sep 30 16:50:17 2015",
      "s_name" : "ALL",
      "select" : " WHERE (1)",
      "size" : 81
   },
   "values" : [
      {
         "data" : [
            {
               "name" : "0",
               "portion" : 0.6666666666666666
            },
            {
               "name" : "1",
               "portion" : 0.3333333333333333
            }
         ],
         "name" : "K<sub>A</sub>(B{0})"
      },
      {
         "data" : [
            {
               "name" : "0",
               "portion" : 0.3333333333333333
            },
            {
               "name" : "1",
               "portion" : 0.6666666666666666
            }
         ],
         "name" : "K<sub>A</sub>(B{1})"
      },
      {
         "data" : [
            {
               "name" : "0",
               "portion" : 0.1111111111111111
            },
            {
               "name" : "1",
               "portion" : 0.3333333333333333
            },
            {
               "name" : "2",
               "portion" : 0.5555555555555556
            }
         ],
         "name" : "K<sub>B</sub>(A{0},B{0,1})"
      },
      {
         "data" : [
            {
               "name" : "0",
               "portion" : 0.1111111111111111
            },
            {
               "name" : "1",
               "portion" : 0.3333333333333333
            },
            {
               "name" : "2",
               "portion" : 0.5555555555555556
            }
         ],
         "name" : "K<sub>B</sub>(A{0},B{2})"
      },
      {
         "data" : [
            {
               "name" : "0",
               "portion" : 0.5555555555555556
            },
            {
               "name" : "1",
               "portion" : 0.3333333333333333
            },
            {
               "name" : "2",
               "portion" : 0.1111111111111111
            }
         ],
         "name" : "K<sub>B</sub>(A{1,2},B{0,1})"
      },
      {
         "data" : [
            {
               "name" : "0",
               "portion" : 0.5555555555555556
            },
            {
               "name" : "1",
               "portion" : 0.3333333333333333
            },
            {
               "name" : "2",
               "portion" : 0.1111111111111111
            }
         ],
         "name" : "K<sub>B</sub>(A{1,2},B{2})"
      },
      {
         "data" : [
            {
               "name" : "0",
               "portion" : 0.3333333333333333
            },
            {
               "name" : "1",
               "portion" : 0.3333333333333333
            },
            {
               "name" : "B{12}",
               "portion" : 0.3333333333333333
            }
         ],
         "name" : "F<sub>A</sub>"
      },
      {
         "data" : [
            {
               "name" : "1&!A",
               "portion" : 0.03703703703703703
            },
            {
               "name" : "1&!A&B{01}",
               "portion" : 0.03703703703703703
            },
            {
               "name" : "1&!A&B{01}|1&A&B{2}|2&!A&B{2}",
               "portion" : 0.03703703703703703
            },
            {
               "name" : "1&!A&B{01}|2&!A&B{2}",
               "portion" : 0.03703703703703703
            },
            {
               "name" : "1&!A&B{01}|2&B{2}",
               "portion" : 0.03703703703703703
            },
            {
               "name" : "1&!A&B{2}",
               "portion" : 0.03703703703703703
            },
            {
               "name" : "1&!A&B{2}|1&A&B{01}|2&!A&B{01}",
               "portion" : 0.03703703703703703
            },
            {
               "name" : "1&!A&B{2}|2&!A&B{01}",
               "portion" : 0.03703703703703703
            },
            {
               "name" : "1&!A&B{2}|2&B{01}",
               "portion" : 0.03703703703703703
            },
            {
               "name" : "1&!A|1&B{01}",
               "portion" : 0.03703703703703703
            },
            {
               "name" : "1&!A|1&B{2}",
               "portion" : 0.03703703703703703
            },
            {
               "name" : "1&A&B{01}|2&!A",
               "portion" : 0.03703703703703703
            },
            {
               "name" : "1&A&B{01}|2&!A&B{01}",
               "portion" : 0.03703703703703703
            },
            {
               "name" : "1&A&B{01}|2&!A|2&B{2}",
               "portion" : 0.03703703703703703
            },
            {
               "name" : "1&A&B{2}|2&!A",
               "portion" : 0.03703703703703703
            },
            {
               "name" : "1&A&B{2}|2&!A&B{2}",
               "portion" : 0.03703703703703703
            },
            {
               "name" : "1&A&B{2}|2&!A|2&B{01}",
               "portion" : 0.03703703703703703
            },
            {
               "name" : "1&A|2&!A",
               "portion" : 0.03703703703703703
            },
            {
               "name" : "1&B{01}|1&A|2&!A&B{2}",
               "portion" : 0.03703703703703703
            },
            {
               "name" : "1&B{01}|2&!A&B{2}",
               "portion" : 0.03703703703703703
            },
            {
               "name" : "1&B{2}|1&A|2&!A&B{01}",
               "portion" : 0.03703703703703703
            },
            {
               "name" : "1&B{2}|2&!A&B{01}",
               "portion" : 0.03703703703703703
            },
            {
               "name" : "2&!A",
               "portion" : 0.03703703703703703
            },
            {
               "name" : "2&!A&B{01}",
               "portion" : 0.03703703703703703
            },
            {
               "name" : "2&!A&B{2}",
               "portion" : 0.03703703703703703
            },
            {
               "name" : "2&!A|2&B{01}",
               "portion" : 0.03703703703703703
            },
            {
               "name" : "2&!A|2&B{2}",
               "portion" : 0.03703703703703703
            }
         ],
         "name" : "F<sub>B</sub>"
      },
      {
         "data" : [
            {
               "name" : "+",
               "portion" : 0.3333333333333333
            },
            {
               "name" : "0",
               "portion" : 0.6666666666666666
            }
         ],
         "name" : "Sign(B,1,A)"
      },
      {
         "data" : [
            {
               "name" : "0",
               "portion" : 0.6666666666666666
            },
            {
               "name" : "1",
               "portion" : 0.3333333333333333
            }
         ],
         "name" : "Indigree(A)"
      },
      {
         "data" : [
            {
               "name" : "-",
               "portion" : 1.0
            }
         ],
         "name" : "Sign(A,1,B)"
      },
      {
         "data" : [
            {
               "name" : "+",
               "portion" : 0.4074074074074074
            },
            {
               "name" : "-",
               "portion" : 0.4074074074074074
            },
            {
               "name" : "0",
               "portion" : 0.1111111111111111
            },
            {
               "name" : "1",
               "portion" : 0.07407407407407407
            }
         ],
         "name" : "Sign(B,2,B)"
      },
      {
         "data" : [
            {
               "name" : "1",
               "portion" : 0.1111111111111111
            },
            {
               "name" : "2",
               "portion" : 0.8888888888888888
            }
         ],
         "name" : "Indigree(B)"
      },
      {
         "data" : [
            {
               "name" : "1",
               "portion" : 0.07407407407407407
            },
            {
               "name" : "2",
               "portion" : 0.6296296296296297
            },
            {
               "name" : "3",
               "portion" : 0.2962962962962963
            }
         ],
         "name" : "Indigree(SUM)"
      },
      {
         "data" : [
            {
               "name" : "0",
               "portion" : 0.4444444444444444
            },
            {
               "name" : "3",
               "portion" : 0.5555555555555556
            }
         ],
         "name" : "Cost(test_ts)"
      },
      {
         "data" : [
            {
               "name" : "0",
               "portion" : 0.8518518518518519
            },
            {
               "name" : "5",
               "portion" : 0.1481481481481481
            }
         ],
         "name" : "Cost(test_cycle)"
      }
   ]
}

