{
   "setup" : {
      "date" : "Wed Sep 30 17:01:35 2015",
      "s_name" : "MIN_COST",
      "select" : " WHERE (C_test_ts = 3 AND C_test_cycle = 5)",
      "size" : 6
   },
   "values" : [
      {
         "data" : [
            {
               "name" : "0",
               "portion" : 1.0
            }
         ],
         "name" : "K<sub>A</sub>(B{0})"
      },
      {
         "data" : [
            {
               "name" : "1",
               "portion" : 1.0
            }
         ],
         "name" : "K<sub>A</sub>(B{1})"
      },
      {
         "data" : [
            {
               "name" : "2",
               "portion" : 1.0
            }
         ],
         "name" : "K<sub>B</sub>(A{0},B{0,1})"
      },
      {
         "data" : [
            {
               "name" : "0",
               "portion" : 0.1666666666666667
            },
            {
               "name" : "1",
               "portion" : 0.3333333333333333
            },
            {
               "name" : "2",
               "portion" : 0.50
            }
         ],
         "name" : "K<sub>B</sub>(A{0},B{2})"
      },
      {
         "data" : [
            {
               "name" : "0",
               "portion" : 1.0
            }
         ],
         "name" : "K<sub>B</sub>(A{1,2},B{0,1})"
      },
      {
         "data" : [
            {
               "name" : "0",
               "portion" : 0.50
            },
            {
               "name" : "1",
               "portion" : 0.3333333333333333
            },
            {
               "name" : "2",
               "portion" : 0.1666666666666667
            }
         ],
         "name" : "K<sub>B</sub>(A{1,2},B{2})"
      },
      {
         "data" : [
            {
               "name" : "B{12}",
               "portion" : 1.0
            }
         ],
         "name" : "F<sub>A</sub>"
      },
      {
         "data" : [
            {
               "name" : "1&!A&B{2}|2&!A&B{01}",
               "portion" : 0.1666666666666667
            },
            {
               "name" : "1&A&B{2}|2&!A",
               "portion" : 0.1666666666666667
            },
            {
               "name" : "1&B{2}|2&!A&B{01}",
               "portion" : 0.1666666666666667
            },
            {
               "name" : "2&!A",
               "portion" : 0.1666666666666667
            },
            {
               "name" : "2&!A&B{01}",
               "portion" : 0.1666666666666667
            },
            {
               "name" : "2&!A|2&B{2}",
               "portion" : 0.1666666666666667
            }
         ],
         "name" : "F<sub>B</sub>"
      },
      {
         "data" : [
            {
               "name" : "+",
               "portion" : 1.0
            }
         ],
         "name" : "Sign(B,1,A)"
      },
      {
         "data" : [
            {
               "name" : "1",
               "portion" : 1.0
            }
         ],
         "name" : "Indigree(A)"
      },
      {
         "data" : [
            {
               "name" : "-",
               "portion" : 1.0
            }
         ],
         "name" : "Sign(A,1,B)"
      },
      {
         "data" : [
            {
               "name" : "+",
               "portion" : 0.3333333333333333
            },
            {
               "name" : "-",
               "portion" : 0.3333333333333333
            },
            {
               "name" : "0",
               "portion" : 0.1666666666666667
            },
            {
               "name" : "1",
               "portion" : 0.1666666666666667
            }
         ],
         "name" : "Sign(B,2,B)"
      },
      {
         "data" : [
            {
               "name" : "1",
               "portion" : 0.1666666666666667
            },
            {
               "name" : "2",
               "portion" : 0.8333333333333334
            }
         ],
         "name" : "Indigree(B)"
      },
      {
         "data" : [
            {
               "name" : "2",
               "portion" : 0.1666666666666667
            },
            {
               "name" : "3",
               "portion" : 0.8333333333333334
            }
         ],
         "name" : "Indigree(SUM)"
      },
      {
         "data" : [
            {
               "name" : "3",
               "portion" : 1.0
            }
         ],
         "name" : "Cost(test_ts)"
      },
      {
         "data" : [
            {
               "name" : "5",
               "portion" : 1.0
            }
         ],
         "name" : "Cost(test_cycle)"
      }
   ]
}

