<?xml version="1.0" encoding="UTF-8"?>
<project-private xmlns="http://www.netbeans.org/ns/project-private/1">
    <editor-bookmarks xmlns="http://www.netbeans.org/ns/editor-bookmarks/2" lastBookmarkId="0"/>
    <open-files xmlns="http://www.netbeans.org/ns/projectui-open-files/2">
        <group>
            <file>file:/C:/Users/adams_000/TREMPPI/javascript/properties/page.js</file>
            <file>file:/C:/Users/adams_000/TREMPPI/javascript/editor/widget.js</file>
            <file>file:/C:/Users/adams_000/TREMPPI/javascript/editor.html</file>
            <file>file:/C:/Users/adams_000/TREMPPI/javascript/quantitative.html</file>
            <file>file:/C:/Users/adams_000/TREMPPI/javascript/libs/cytoscape-2.3.9.js</file>
            <file>file:/C:/Users/adams_000/TREMPPI/javascript/select.html</file>
            <file>file:/C:/Users/adams_000/TREMPPI/javascript/group/widget.js</file>
            <file>file:/C:/Users/adams_000/TREMPPI/javascript/configure.js</file>
            <file>file:/C:/Users/adams_000/TREMPPI/javascript/libs/w2ui-1.4.3.js</file>
            <file>file:/C:/Users/adams_000/TREMPPI/javascript/common/common.js</file>
            <file>file:/C:/Users/adams_000/TREMPPI/javascript/witness/page.js</file>
            <file>file:/C:/Users/adams_000/TREMPPI/javascript/data/select.js</file>
            <file>file:/C:/Users/adams_000/TREMPPI/javascript/qualitative.html</file>
            <file>file:/C:/Users/adams_000/TREMPPI/javascript/regulations.html</file>
            <file>file:/C:/Users/adams_000/TREMPPI/javascript/libs/w2ui-1.5.x.js</file>
            <file>file:/C:/Users/adams_000/TREMPPI/javascript/witness.html</file>
            <file>file:/C:/Users/adams_000/TREMPPI/javascript/correlations.html</file>
            <file>file:/C:/Users/adams_000/TREMPPI/javascript/witness/controls.js</file>
            <file>file:/C:/Users/adams_000/TREMPPI/javascript/common/tremppi.js</file>
            <file>file:/C:/Users/adams_000/TREMPPI/javascript/group.html</file>
            <file>file:/C:/Users/adams_000/TREMPPI/javascript/index.html</file>
            <file>file:/C:/Users/adams_000/TREMPPI/javascript/witness/widget.js</file>
            <file>file:/C:/Users/adams_000/TREMPPI/javascript/libs/w2ui-1.5.x.css</file>
            <file>file:/C:/Users/adams_000/TREMPPI/javascript/common/css.css</file>
            <file>file:/C:/Users/adams_000/TREMPPI/javascript/index/page.js</file>
            <file>file:/C:/Users/adams_000/TREMPPI/javascript/properties/controls.js</file>
            <file>file:/C:/Users/adams_000/TREMPPI/javascript/properties/widget.js</file>
            <file>file:/C:/Users/adams_000/TREMPPI/javascript/editor/page.js</file>
            <file>file:/C:/Users/adams_000/TREMPPI/javascript/group/controls.js</file>
            <file>file:/C:/Users/adams_000/TREMPPI/javascript/tools.html</file>
            <file>file:/C:/Users/adams_000/TREMPPI/javascript/properties.html</file>
            <file>file:/C:/Users/adams_000/TREMPPI/javascript/editor/controls.js</file>
            <file>file:/C:/Users/adams_000/TREMPPI/javascript/group/page.js</file>
        </group>
    </open-files>
</project-private>
