{
   "elements" : {
      "edges" : [
         {
            "data" : {
               "Frequency" : 0.8888888888888888,
               "Pearson" : -9.476069102119916e-18,
               "Sign" : "1",
               "Threshold" : 1,
               "WeightedFrequency" : 0.50,
               "source" : "NotchR",
               "target" : "Axin2"
            }
         },
         {
            "data" : {
               "Frequency" : 0.8888888888888888,
               "Pearson" : -2.680373831742490e-17,
               "Sign" : "1",
               "Threshold" : 2,
               "WeightedFrequency" : 0.50,
               "source" : "Wnt1",
               "target" : "Axin2"
            }
         },
         {
            "data" : {
               "Frequency" : 0.6666666666666666,
               "Pearson" : 0.0,
               "Sign" : "1",
               "Threshold" : 2,
               "WeightedFrequency" : 0.4999999999999999,
               "source" : "Wnt1",
               "target" : "NotchR"
            }
         },
         {
            "data" : {
               "Frequency" : 0.6666666666666666,
               "Pearson" : 0.0,
               "Sign" : "1",
               "Threshold" : 2,
               "WeightedFrequency" : 0.4999999999999999,
               "source" : "Axin2",
               "target" : "Wnt1"
            }
         }
      ],
      "nodes" : [
         {
            "data" : {
               "id" : "Axin2",
               "name" : "Axin2"
            }
         },
         {
            "data" : {
               "id" : "NotchR",
               "name" : "NotchR"
            }
         },
         {
            "data" : {
               "id" : "Wnt1",
               "name" : "Wnt1"
            }
         }
      ]
   },
   "setup" : {
      "date" : "Wed Nov 18 13:36:25 2015",
      "s_name" : "all",
      "select" : "1",
      "size" : 6561
   }
}

