{"edges": [{"group": "edges", "grabbable": true, "selected": false, "data": {"line_style": "solid", "Threshold": 1, "line_color": "green", "Label": "Activating Only", "target_arrow_shape": "triangle", "source": "n0", "id": "e0", "target": "n1"}, "locked": false, "selectable": true, "grabbed": false, "position": {}, "classes": "", "removed": false}, {"group": "edges", "grabbable": true, "selected": false, "data": {"line_style": "solid", "Threshold": 2, "line_color": "black", "Label": "Activating", "target_arrow_shape": "triangle", "source": "n1", "id": "e1", "target": "n1"}, "locked": false, "selectable": true, "grabbed": false, "position": {}, "classes": "", "removed": false}], "nodes": [{"group": "nodes", "grabbable": true, "selected": false, "data": {"Name": "A", "id": "n0", "MaxActivity": 1, "Label": "A:1"}, "locked": false, "selectable": true, "grabbed": false, "position": {"x": 32.80176543684172, "y": 25.06391307738162}, "classes": "", "removed": false}, {"group": "nodes", "grabbable": true, "selected": false, "data": {"Name": "B", "id": "n1", "MaxActivity": 2, "Label": "B:2"}, "locked": false, "selectable": true, "grabbed": false, "position": {"x": -34.64748760526245, "y": -29.146074776874396}, "classes": "", "removed": false}]}